"","train","accuracy","error","F1"
"1",50,0.510649322972696,0.489350677027304,0.220888855256116
"2",60,0.510308501668059,0.489691498331941,0.240883397233951
"3",70,0.507373887520392,0.492626112479608,0.23366981761796
"4",80,0.506786914254723,0.493213085745278,0.271801950622743
"5",90,0.504547164446021,0.495452835553979,0.2947220666911
