"","train","accuracy","error","F1"
"1",50,0.663318884314317,0.336681115685683,0.267325114166955
"2",60,0.665689568522537,0.334310431477463,0.281913511006626
"3",70,0.668334457950421,0.331665542049579,0.303860585270823
"4",80,0.671949456814464,0.328050543185536,0.331581733591285
"5",90,0.671295128640712,0.328704871359288,0.3285454655907
