"","train","accuracy","error","F1"
"1",50,0.665584578729023,0.334415421270977,0.26272482271189
"2",60,0.663540443893013,0.336459556106987,0.265579964826768
"3",70,0.669654994658396,0.330345005341604,0.286778366797936
"4",80,0.66786747684519,0.33213252315481,0.318816920002951
"5",90,0.669758169678553,0.330241830321447,0.342528437353545
