"","train","accuracy","error","F1"
"1",50,0.665890130309143,0.334109869690857,0.254678541583497
"2",60,0.665090610368276,0.334909389631724,0.287033927028933
"3",70,0.664344405589286,0.335655594410714,0.286732623567293
"4",80,0.668964359310453,0.331035640689547,0.313002875067911
"5",90,0.672616124309736,0.327383875690264,0.356893694908824
