"","train","accuracy","error","F1"
"1",50,0.690446130622092,0.309553869377908,0.305428913105149
"2",60,0.690547420696504,0.309452579303496,0.330840721452351
"3",70,0.690755098764829,0.309244901235171,0.326985792939266
"4",80,0.691520353155407,0.308479646844593,0.326782345006923
"5",90,0.69615025636804,0.30384974363196,0.349825710974027
