"","train","accuracy","error","F1"
"1",50,0.679473058911434,0.320526941088566,0.304414508024336
"2",60,0.682774273995379,0.317225726004621,0.321789563692115
"3",70,0.680502580322602,0.319497419677398,0.317809992003201
"4",80,0.679089904470132,0.320910095529868,0.323738530811026
"5",90,0.682022002075357,0.317977997924643,0.35910399548382
