"","train","accuracy","error","F1"
"1",50,0.575096977574512,0.424903022425488,0.290379800910352
"2",60,0.701228940335198,0.298771059664802,0.345941669808432
"3",70,0.582992912852171,0.417007087147829,0.296448970928656
"4",80,0.730347753696932,0.269652246303068,0.362985265263993
"5",90,0.734534585741482,0.265465414258518,0.386237844692572
