"","train","accuracy","error","F1"
"1",50,0.517715734948272,0.482284265051728,0.225305381450024
"2",60,0.520546308415491,0.479453691584509,0.226317074371346
"3",70,0.520401695073101,0.479598304926899,0.238026364118363
"4",80,0.518463178225956,0.481536821774044,0.249270241280117
"5",90,0.523890728269991,0.47610927173001,0.290632162387271
