"","train","accuracy","error","F1"
"1",50,0.544160894604945,0.455839105395055,0.262981964909398
"2",60,0.549106650053584,0.450893349946416,0.287850088739848
"3",70,0.549919943528414,0.450080056471586,0.293421653232602
"4",80,0.550283755077261,0.449716244922739,0.321397696446113
"5",90,0.548009504727743,0.451990495272257,0.338269010102189
