"","train","accuracy","error","F1"
"1",50,0.54441955698701,0.45558044301299,0.229521928191638
"2",60,0.550595999021204,0.449404000978796,0.268478603607308
"3",70,0.567832161081932,0.432167838918068,0.282492468729098
"4",80,0.564115568035498,0.435884431964502,0.291683499994055
"5",90,0.566002658929114,0.433997341070886,0.316769380261351
