"","train","accuracy","error","F1"
"1",50,0.517835171278923,0.482164828721077,0.234690161408206
"2",60,0.51453161446288,0.48546838553712,0.231703801986678
"3",70,0.521709119376802,0.478290880623198,0.225927782160846
"4",80,0.522951056879871,0.477048943120129,0.259678255666331
"5",90,0.521756537450432,0.478243462549568,0.312629881897159
