"","train","accuracy","error","F1"
"1",50,0.513748923306318,0.486251076693682,0.260436285714305
"2",60,0.515767421165735,0.484232578834265,0.273645208776114
"3",70,0.522280394365276,0.477719605634724,0.285821302262757
"4",80,0.523589863116947,0.476410136883053,0.304698195409983
"5",90,0.517417722594449,0.482582277405551,0.312176203350529
