"","train","accuracy","error","F1"
"1",50,0.653018881621168,0.346981118378832,0.260250945325633
"2",60,0.65826462422704,0.34173537577296,0.258784642904707
"3",70,0.661477750474467,0.338522249525533,0.261786273375581
"4",80,0.665342712622187,0.334657287377813,0.286906586518206
"5",90,0.660368912912392,0.339631087087608,0.367575330504493
