"","train","accuracy","error","F1"
"1",50,0.693830780321288,0.306169219678712,0.448525514001667
"2",60,0.69439231922826,0.30560768077174,0.454233833969614
"3",70,0.695036584167703,0.304963415832297,0.467946792590401
"4",80,0.697505667923785,0.302494332076215,0.478726743980218
"5",90,0.694811819695384,0.305188180304616,0.510563295982807
