"","train","accuracy","error","F1"
"1",50,0.643697031728348,0.356302968271652,0.413104294410869
"2",60,0.643174401351855,0.356825598648145,0.421953460585225
"3",70,0.643572149171409,0.356427850828591,0.425427998651815
"4",80,0.644307550788023,0.355692449211977,0.426853861013496
"5",90,0.645520769554041,0.354479230445959,0.430030829692636
