"","train","accuracy","error","F1"
"1",50,0.732532669301508,0.267467330698492,0.479256906331207
"2",60,0.73618256190229,0.26381743809771,0.477783247337414
"3",70,0.738025808624389,0.261974191375611,0.478543419688631
"4",80,0.734228420562432,0.265771579437568,0.52008567374267
"5",90,0.729287158475333,0.270712841524667,0.520272069446894
