"","train","accuracy","error","F1"
"1",50,0.731993349120518,0.268006650879482,0.457197142536236
"2",60,0.734676831862037,0.265323168137963,0.468791757040887
"3",70,0.732930630531009,0.267069369468991,0.482754463417596
"4",80,0.736035980894377,0.263964019105623,0.497677714270146
"5",90,0.736710889568335,0.263289110431665,0.535701663975459
