"","train","accuracy","error","F1"
"1",50,0.53485069496948,0.46514930503052,0.268028122174569
"2",60,0.536881487379311,0.463118512620689,0.273563852458358
"3",70,0.541335191531642,0.458664808468358,0.283381795544496
"4",80,0.536897946124648,0.463102053875352,0.297348848700104
"5",90,0.539401532003706,0.460598467996294,0.333149833467615
