"","train","accuracy","error","F1"
"1",50,0.599904237600058,0.400095762399942,0.301966467554057
"2",60,0.657834733256302,0.342165266743698,0.343714132154573
"3",70,0.688121709774755,0.311878290225245,0.338873152987389
"4",80,0.726129714995353,0.273870285004647,0.369426518129289
"5",90,0.719012163925957,0.280987836074043,0.389571454290546
