"","train","accuracy","error","F1"
"1",50,0.663475469631365,0.336524530368635,0.324268590481256
"2",60,0.664285472290544,0.335714527709456,0.327261224905067
"3",70,0.661253374206744,0.338746625793256,0.332721089921814
"4",80,0.659858949804291,0.340141050195709,0.328478315924542
"5",90,0.66410391502386,0.33589608497614,0.346703949861118
