"","train","accuracy","error","F1"
"1",50,0.743668763779087,0.256331236220913,0.411166783493056
"2",60,0.744308276789931,0.25569172321007,0.417179199542525
"3",70,0.753097892140218,0.246902107859782,0.440690684608425
"4",80,0.716315461038151,0.283684538961849,0.35885554096673
"5",90,0.728578836509871,0.271421163490129,0.432337175452872
