"","train","accuracy","error","F1"
"1",50,0.621874346133185,0.378125653866814,0.254164729102332
"2",60,0.619473968942279,0.380526031057721,0.285112900339565
"3",70,0.625938559631906,0.374061440368094,0.295542435669969
"4",80,0.621243529179367,0.378756470820633,0.304640674439341
"5",90,0.629394119109252,0.370605880890748,0.335393470700042
