"","train","accuracy","error","F1"
"1",50,0.511468719807324,0.488531280192676,0.23304996622062
"2",60,0.508128160281345,0.491871839718655,0.241182298736535
"3",70,0.512948622006734,0.487051377993266,0.264153890456948
"4",80,0.512335304763523,0.487664695236477,0.278867399095273
"5",90,0.51319521691134,0.48680478308866,0.319429649727944
